el-vd-a	IZHyzDmZpIu9MCjcX8F7	https://storage.googleapis.com/xi-backend/database/workspace/78e1a9661caa4ec69356f3c5c2fbb9c5/content_generation/w5qf0rXw8zn7NwglhToC/IZHyzDmZpIu9MCjcX8F7/content.mp3?X-Goog-Algorithm=GOOG4-RSA-SHA256&X-Goog-Credential=xi-backend-prod%40xi-labs.iam.gserviceaccount.com%2F20260929%2Fauto%2Fstorage%2Fgoog4_request&X-Goog-Date=20260929T105259Z&X-Goog-Expires=7200&X-Goog-SignedHeaders=host&X-Goog-Signature=ac7e4af69cb1c241a4a859cb12dd2079bfbd1552fd022b4d302ad80353482afd9774a67313b187d7dbd784e9fb677c98eec646bb880a48689a25e59ea16f0f30bd38887eeb85148db2510d3592d061cb378e615c0df40d5cbedd2b5f82c9cda6d94a5755f6f6d2e31b59aaf0977cd93df69423f259675ff70c7be39b0a9ffd5931fa747816754204a95bf8ab2e4e43b2366893b21c39ef8a3ae895dcad774ebcd2524eff126881d218dd7a3c05e714edcccd6f0ebf0ba91f334b629d5fd64522f81aac8c1231984b605c613bbfd9c533a0b247eb6721fb5570912f41eb928c0b916bae54682799b26eafb13fd2daddba6a2a6159aa007e89bdee61ff6d480e27
el-vd-b	sBXmIxsgglvnKVqBuOK2	https://storage.googleapis.com/xi-backend/database/workspace/78e1a9661caa4ec69356f3c5c2fbb9c5/content_generation/7RgIHuCG8ppo9qeFVsOQ/sBXmIxsgglvnKVqBuOK2/content.mp3?X-Goog-Algorithm=GOOG4-RSA-SHA256&X-Goog-Credential=xi-backend-prod%40xi-labs.iam.gserviceaccount.com%2F20260929%2Fauto%2Fstorage%2Fgoog4_request&X-Goog-Date=20260929T105315Z&X-Goog-Expires=7200&X-Goog-SignedHeaders=host&X-Goog-Signature=9858a326610542dff054539f774ed08de4b616e845f0967c2fceab6a586bd8d92b74a92075d7f9e8d2f3badc7ecadae2ebd075c6485083c41136a0dc17fba797bb012a2ff4b366f88ab87c2ea8839d36e518d9e32a9973ad4c184a732d56711ae904d51b2d8414e0a39a6e7e06e5c0811b36362439a19f434ac4edabb31c5d0af4de050d9301be9ac7d55e63537d286549076aff1d46e0edfb226f97baeb231ba504d045143a4a7ae82908e20267902db3d117460e3f569cb44174324b6d846a4fd7eab5ac4423242773ba2a92a3bf7399ba8880c186862ffaaf809ca86bb6c8a676af242532bd4349fd6cf250259fab15cc301ce14ae03aefcc146696007141
el-v-aday	lKHm7iauQLxMYJVz4tfD	https://storage.googleapis.com/xi-backend/database/workspace/78e1a9661caa4ec69356f3c5c2fbb9c5/content_generation/dr0bUzrZdW1D9ut65YBN/lKHm7iauQLxMYJVz4tfD/content.mp3?X-Goog-Algorithm=GOOG4-RSA-SHA256&X-Goog-Credential=xi-backend-prod%40xi-labs.iam.gserviceaccount.com%2F20260929%2Fauto%2Fstorage%2Fgoog4_request&X-Goog-Date=20260929T105307Z&X-Goog-Expires=7200&X-Goog-SignedHeaders=host&X-Goog-Signature=0356973e9ec6e09245158dce331904eea2b6d6123b47fb0f74b0034539cc0f7e18c9ee058e6195312afa8650c075c4e0155e8b4f80b2b26bcdb289e186cda28a789265bff42482804ba15bf048cb7fb67013ffee7dbf1b6ffc26b04fca17e9d938f3f588dac6f53f67a2f0ecfa5783ca06a893557323ec641615119523853060ed3d2621bca7362f4951214edad8237fb72bbb2aa32d15064fb2bfad220e7e3ef89f2d5eb33520c2fc406f3e854edea770a0ea0855018d0074797e3b4bb55430195585b62e666194eb58399dabec16601953cefd39cf578cbb60467ee9f3f090c33d171302023b122e9ad28663a0b987b92b485f5ede14bcd0f262d389a5057c
el-derin-a	Ds2k1h9xyQapHD81iN8w	https://storage.googleapis.com/xi-backend/database/workspace/78e1a9661caa4ec69356f3c5c2fbb9c5/content_generation/jcpli1sbW3Iui6seyGxf/Ds2k1h9xyQapHD81iN8w/content.mp3?X-Goog-Algorithm=GOOG4-RSA-SHA256&X-Goog-Credential=xi-backend-prod%40xi-labs.iam.gserviceaccount.com%2F20260929%2Fauto%2Fstorage%2Fgoog4_request&X-Goog-Date=20260929T105326Z&X-Goog-Expires=7200&X-Goog-SignedHeaders=host&X-Goog-Signature=757f71560e78689a80d9a33033fbd85495ea486033bdeeb54bc1f1f16b2e9c574a6818dde28ebbc402d98f3ccd9e564347a82bb1c92db488ce1f1a1a4c76d4550bcaf1a51def591a5aa8bb0de01a7cb88146ffddf23c84606e45dc631a7806cbe2289379b6009ae28a0cbd71405f3d3b02a612a91b4d9a45bae49ccd55fe2a1badbcfef6594441c028c171a4c6be176dbd7076604d0d4aba2740f0b2b11c8440a7dfc4233a8177b99b8abc6144f981c9209e9cb17c336c8d135534aa2415bc17142ffa29ca4cc796ce0affa16e59648d5d1508b1328c13f069bc11ba72f4bd646392e54b45248672bb86dfad4b1f3ed36ff5cc997303ee7661abeb0bc5f32266
el-derin-b	njA07SjQTRWdkfsOTPQ4	https://storage.googleapis.com/xi-backend/database/workspace/78e1a9661caa4ec69356f3c5c2fbb9c5/content_generation/6WDjGoBZhvEhqd86cSa8/njA07SjQTRWdkfsOTPQ4/content.mp3?X-Goog-Algorithm=GOOG4-RSA-SHA256&X-Goog-Credential=xi-backend-prod%40xi-labs.iam.gserviceaccount.com%2F20260929%2Fauto%2Fstorage%2Fgoog4_request&X-Goog-Date=20260929T105245Z&X-Goog-Expires=7200&X-Goog-SignedHeaders=host&X-Goog-Signature=033af97fbb00d1cb6343fc7467060e9b79295832728bb945daf47539d47de83f7d2d9cdec98e762b3f05fba71ddf776fb92b313984958c8ea1403146595e48447de2ac9ac9533015b43f74f449ec4667b145665e2887689b2e8cf3e0725fc08f849a1bfe8c30f3e6da5a91d84eb41e7782bf65794bdcf5741c8793042e7b44a5388ab69efe21cc24eb9643cb36af726e728fcd0280e2371fd90987b64efda74253f66b826892c2eb1380f2acd4fbbc5e1a9c99cdee378ee2acdd43d9ddd145bd9b3d38620e44ec8db2201225f8420188e4a2fc408bc4d0bc002c9753c98a6f222bf7de898cf1732d3cc2b951ab47e73056b13f13b9ecea940de76e5ba54a5122
el-imge	ku2J9yJz5Bs96f2QbxHW	https://storage.googleapis.com/xi-backend/database/workspace/78e1a9661caa4ec69356f3c5c2fbb9c5/content_generation/bbGswh09S82BuWOO8BL9/ku2J9yJz5Bs96f2QbxHW/content.mp3?X-Goog-Algorithm=GOOG4-RSA-SHA256&X-Goog-Credential=xi-backend-prod%40xi-labs.iam.gserviceaccount.com%2F20260929%2Fauto%2Fstorage%2Fgoog4_request&X-Goog-Date=20260929T105327Z&X-Goog-Expires=7200&X-Goog-SignedHeaders=host&X-Goog-Signature=64ed67c3d048a17786489cdc8d0558bc99e9d853636b8c02799a1b0dc6f5144a9cec9c49f3ee5862908cfb4b803fcb5540cc8ad443b17ca112b0d75cc114c2da65b0451d5fb4b1da2487a73c569aee102248865821cb632efdca259a6bb116285670b270498f35feb8910bda8968c6d0e4c12e4054f230a0866477b8241022bbaebbf04e9dc5d7dcc17e14d01ca48d7e262d3912bd5f509556e529c1c3bad11251ccb36db9189bddb78eeadfc511ac3707d44bb8b19df9a936ed56ce580f655b9ae971c7b1dd2a9b01199be34bd0857bea2fea0c1b18d3bc1cd1b4d9de094d9b3575a3de644eb5572aaef0ea1d7fbd555060eb0f35839772bad92dbce9687f36
el-kapanis	I2dUoLC9zqN42MPl3m7t	https://storage.googleapis.com/xi-backend/database/workspace/78e1a9661caa4ec69356f3c5c2fbb9c5/content_generation/JjAoGN8mATdbmiJtHHct/I2dUoLC9zqN42MPl3m7t/content.mp3?X-Goog-Algorithm=GOOG4-RSA-SHA256&X-Goog-Credential=xi-backend-prod%40xi-labs.iam.gserviceaccount.com%2F20260929%2Fauto%2Fstorage%2Fgoog4_request&X-Goog-Date=20260929T105313Z&X-Goog-Expires=7200&X-Goog-SignedHeaders=host&X-Goog-Signature=82a85e7079c15725e211be704bd1b2bb9eb7919b8bc4c339f494abcc528f3c935ae8f877ac7ca98a53fe4e57ae304aa08d5b584edbc063039766ace91efe59639b90b856c83e9a52b80e2b22c9d603f20847f58969aec0440035b6931ba5037860fbca1942ce5fcf82ac2299a28c4d15965137a98ee99e8b14e4a3703ca0ac6b9228117c3b680edd5ada779a47cff8140d3eb584687638462c7163d6a8beae4058840107fedefb8a00e498554ef83105bf679a0cb24af14fed1649d74617334bc61761176b59604c2e47b93c5b110b839d1fb6533cd34f3a4975d3559f2718b8f5c34419a0514223b0c468266b774a4cafa982708a2d93861d6932ef0f6fa7a8
orman-1	X8eIKLEZGOwc4I9EwlPr	https://storage.googleapis.com/xi-backend/database/workspace/78e1a9661caa4ec69356f3c5c2fbb9c5/content_generation/CFvcrKMzKjfWYMZRFCxq/X8eIKLEZGOwc4I9EwlPr/content.mp3?X-Goog-Algorithm=GOOG4-RSA-SHA256&X-Goog-Credential=xi-backend-prod%40xi-labs.iam.gserviceaccount.com%2F20260929%2Fauto%2Fstorage%2Fgoog4_request&X-Goog-Date=20260929T105220Z&X-Goog-Expires=7200&X-Goog-SignedHeaders=host&X-Goog-Signature=11b278136c6ccace91a0a5909456e4ecbd90d9729ad64919ed96e3aeb7e222b184d9c451b1cc4fe72503edba4e82a9720a450bf88b5ab8f17e81632cc1426bbc695e5f773bc7549f5bd2f8b3cdc230249698b04e9656be99620060f2bed94b71052e847ba43e0d67bc85def6ce4e2787fc51f8766bdcd36b2d6d13490d0e9d944849fd440e445a062bd1740a9bec04987659e9fee3680ba9df3fe7e496c6bef031f52a336e4c452dcc7ec4ee18457b52b1bf374d1455f03410fa29980dacea91ad6499ebc11357ff669240f2c31802e99eeb855302455c8d033c9c81c78b8a03ca82182f6fe39f13483344e3f25171c9b67293787ad2f7ae96e7bbd2ead0db22
orman-2	zkIRNpOBXdGy3cRHPR5P	https://storage.googleapis.com/xi-backend/database/workspace/78e1a9661caa4ec69356f3c5c2fbb9c5/content_generation/Z5ffFV6YVzqnNWyGyfN8/zkIRNpOBXdGy3cRHPR5P/content.mp3?X-Goog-Algorithm=GOOG4-RSA-SHA256&X-Goog-Credential=xi-backend-prod%40xi-labs.iam.gserviceaccount.com%2F20260929%2Fauto%2Fstorage%2Fgoog4_request&X-Goog-Date=20260929T105220Z&X-Goog-Expires=7200&X-Goog-SignedHeaders=host&X-Goog-Signature=ce3c6a1de63488204284597d8892585d07996b8cd6f6d522e569c1ff248255fe019425577e32b5e031fc58d7833085ee40d68f8e8306bdccae267e0fa14b20a26c16b98d3c4a56c4a4c6a1a1154094d92276e1e6fddd32f19142fb61f9df5b6e6fbf5acad69c98de4e4e427597c44affe7adc67def3fdd398368868e989de7ba17706ac19868d21cce47a8628a9fad91fb380857c31825369bb224b86399d725c2b27677640e59395768b3a877de1cad02ad3daf4c4b112c38e9da6af33ffc2ea74d3a16258c69fe663ccfec0f9427a5d67018cbc7850cd5f91dd88e8629e21d3aad8563f61af3c1ede54f27a3ed37077a69c679789319512d4334f4af5006ce
orman-3	wdppbH2dd8Je63GD2GLn	https://storage.googleapis.com/xi-backend/database/workspace/78e1a9661caa4ec69356f3c5c2fbb9c5/content_generation/95Lmhi20eTgrt5cZd0Kj/wdppbH2dd8Je63GD2GLn/content.mp3?X-Goog-Algorithm=GOOG4-RSA-SHA256&X-Goog-Credential=xi-backend-prod%40xi-labs.iam.gserviceaccount.com%2F20260929%2Fauto%2Fstorage%2Fgoog4_request&X-Goog-Date=20260929T105220Z&X-Goog-Expires=7200&X-Goog-SignedHeaders=host&X-Goog-Signature=012ffb551f912832944a9e3535791ffc406a413536130d1e8a664b24b67488ed667cfb5c9eb519a6cf2e690b21bde746d047be0aedd95005301d3ef47533b20e47dca0a0e373cbc6d5205e1bad821f0ccf9881fe9dd7a8b7ce44a333ce4904b2847f763df79560620fac7890793de39eb45120cf65a862aca3115970018fc36516831c6afe36aef692d42bb4b4c12572ed737fa7610ee22b5a7cd181e23f2295e66bcae69c491920c4c8704c689763efecf038e15b1be9564b0df2c2db899c727ec6d251a32049d24aac44846707ad850894204189bcb9c1b7910cbf90a09f0d6ded3e10fb24fe21b6d752c874e81d28c23e0f46d7c306704fff2736b5df41c3
orman-4	7QrIKlseMe05SELY6D97	https://storage.googleapis.com/xi-backend/database/workspace/78e1a9661caa4ec69356f3c5c2fbb9c5/content_generation/IRPG44qf9k0Zp8yOkI8k/7QrIKlseMe05SELY6D97/content.mp3?X-Goog-Algorithm=GOOG4-RSA-SHA256&X-Goog-Credential=xi-backend-prod%40xi-labs.iam.gserviceaccount.com%2F20260929%2Fauto%2Fstorage%2Fgoog4_request&X-Goog-Date=20260929T105220Z&X-Goog-Expires=7200&X-Goog-SignedHeaders=host&X-Goog-Signature=3fb2f5279ea90d7c4fa1acbe277d27e3663db47c7f25921d3fdfdaa5224a1a2a0f91c37b713564c329887c367ba9198f4f962418f7be9d8871c668557e86bf53706cba917134f6176fd1c82545f1dbdc2ee4f6914c174cccc33b80dba37e6f54ea3d3663ec3355725f866794c3fbe3364c2e393fb04196287fb0531cb5504d6f5b22acd74f4d46883d8214eb43e5db73291e4eae958b13900dab157fa9ae474d12caaf83e272fd6626fdb0e0fbe22d8717f5e2a99c0b7025870304e96a34d086ef3ec8b08616242e1be77256863282143f9aab227f6b48eea080ad54111239157e191878b41bf46be68d1257b98ae01c2a45a3fa33ea8c838297eb4aab7f3b0c
donus	ME9KkN1snPvMH6t8XrTA	https://storage.googleapis.com/xi-backend/database/workspace/78e1a9661caa4ec69356f3c5c2fbb9c5/content_generation/771hqrqrNnqDqxT2Mwo9/ME9KkN1snPvMH6t8XrTA/content.mp3?X-Goog-Algorithm=GOOG4-RSA-SHA256&X-Goog-Credential=xi-backend-prod%40xi-labs.iam.gserviceaccount.com%2F20260929%2Fauto%2Fstorage%2Fgoog4_request&X-Goog-Date=20260929T105218Z&X-Goog-Expires=7200&X-Goog-SignedHeaders=host&X-Goog-Signature=39da8dae42df8c7fafa3028cd70102540899820d7a543ce444515a0ff935eeca322a914a3a571e640704317a1d50c0fa45d17b9900b9c8459de8f3b25737aafa34e8bb74b9d92eac7f8402c5de33f8dc0c36a7640a987ff92c3f680664c47388f778c5208e937f6668d251a9a7fb92e117d6aa02738247f974de261d15321c9592c507174c9add3b7ee81a7e402f34711a13b548d78534e2772beaefe8342c9d5f149fb329f78ed0c783f442e9b8fdae8e1918a328d221d4d18a6c4e6d3f240e03c27381a6276f91f9ae248e642eee8e1d4e36a9c5374a7257fd3d0e7e55439c0ad04b8053f6b3a2a4900b42fccf296c34b416cd88845cfbb2d840105a2810d7
